condition,layer,category,mean_cosine,mean_l2,pair_count
raw,0,exact_translation_diff_language,0.2136562019586563,0.4211893081665039,2400
raw,0,same_factor_diff_language,0.2043846845626831,0.4260609447956085,25920
raw,0,same_factor_same_language,0.6806774139404297,0.26923859119415283,5904
raw,0,same_domain_diff_language,0.1992088407278061,0.42752355337142944,77760
raw,0,same_domain_same_language,0.6128975749015808,0.2969529926776886,19584
raw,0,different_topic_diff_language,0.19433164596557617,0.4290987253189087,518400
raw,0,different_topic_same_language,0.5568627119064331,0.32029175758361816,130560
language_residualized,0,exact_translation_diff_language,0.04230193421244621,0.30682411789894104,2400
language_residualized,0,same_factor_diff_language,0.020210379734635353,0.31091928482055664,25920
language_residualized,0,same_factor_same_language,0.2646254599094391,0.26923859119415283,5904
language_residualized,0,same_domain_diff_language,0.008802894502878189,0.31279489398002625,77760
language_residualized,0,same_domain_same_language,0.1009393185377121,0.2969529926776886,19584
language_residualized,0,different_topic_diff_language,-0.002228222321718931,0.314863920211792,518400
language_residualized,0,different_topic_same_language,-0.03062327392399311,0.32029175758361816,130560
top5_deflation,0,exact_translation_diff_language,0.03234236314892769,0.30160537362098694,2400
top5_deflation,0,same_factor_diff_language,0.012523365207016468,0.3049015998840332,25920
top5_deflation,0,same_factor_same_language,0.2596040964126587,0.2637973725795746,5904
top5_deflation,0,same_domain_diff_language,0.0010190507164224982,0.3067529499530792,77760
top5_deflation,0,same_domain_same_language,0.09092108905315399,0.29191720485687256,19584
top5_deflation,0,different_topic_diff_language,-0.001321955118328333,0.3073054254055023,518400
top5_deflation,0,different_topic_same_language,-0.02682632766664028,0.312124103307724,130560
raw,1,exact_translation_diff_language,0.9362002611160278,12.456217765808105,2400
raw,1,same_factor_diff_language,0.9351087212562561,12.610124588012695,25920
raw,1,same_factor_same_language,0.9747662544250488,7.822961807250977,5904
raw,1,same_domain_diff_language,0.9345845580101013,12.664655685424805,77760
raw,1,same_domain_same_language,0.9703481793403625,8.47409439086914,19584
raw,1,different_topic_diff_language,0.9340329766273499,12.729887962341309,518400
raw,1,different_topic_same_language,0.9655081629753113,9.198821067810059,130560
language_residualized,1,exact_translation_diff_language,0.07067282497882843,8.732806205749512,2400
language_residualized,1,same_factor_diff_language,0.02947167307138443,8.915395736694336,25920
language_residualized,1,same_factor_same_language,0.24595926702022552,7.822960376739502,5904
language_residualized,1,same_domain_diff_language,0.014006640762090683,8.988161087036133,77760
language_residualized,1,same_domain_same_language,0.10912550985813141,8.47409439086914,19584
language_residualized,1,different_topic_diff_language,-0.0031780798453837633,9.075302124023438,518400
language_residualized,1,different_topic_same_language,-0.030427690595388412,9.198821067810059,130560
top5_deflation,1,exact_translation_diff_language,0.04515914246439934,8.572592735290527,2400
top5_deflation,1,same_factor_diff_language,0.01959333010017872,8.668601989746094,25920
top5_deflation,1,same_factor_same_language,0.24722038209438324,7.566049098968506,5904
top5_deflation,1,same_domain_diff_language,0.004463743884116411,8.737685203552246,77760
top5_deflation,1,same_domain_same_language,0.1039823368191719,8.235203742980957,19584
top5_deflation,1,different_topic_diff_language,-0.0022343103773891926,8.772948265075684,518400
top5_deflation,1,different_topic_same_language,-0.02768738754093647,8.893141746520996,130560
raw,2,exact_translation_diff_language,0.9280650019645691,15.511941909790039,2400
raw,2,same_factor_diff_language,0.925961971282959,16.048383712768555,25920
raw,2,same_factor_same_language,0.9704278707504272,10.412826538085938,5904
raw,2,same_domain_diff_language,0.9252410531044006,16.146133422851562,77760
raw,2,same_domain_same_language,0.965615451335907,11.093348503112793,19584
raw,2,different_topic_diff_language,0.9242446422576904,16.358905792236328,518400
raw,2,different_topic_same_language,0.9600991010665894,12.081713676452637,130560
language_residualized,2,exact_translation_diff_language,0.161284402012825,10.77735710144043,2400
language_residualized,2,same_factor_diff_language,0.05760754272341728,11.55355167388916,25920
language_residualized,2,same_factor_same_language,0.23224224150180817,10.412827491760254,5904
language_residualized,2,same_domain_diff_language,0.03682919591665268,11.68384838104248,77760
language_residualized,2,same_domain_same_language,0.11781499534845352,11.093347549438477,19584
language_residualized,2,different_topic_diff_language,-0.002812092425301671,11.959933280944824,518400
language_residualized,2,different_topic_same_language,-0.02513735555112362,12.081713676452637,130560
top5_deflation,2,exact_translation_diff_language,0.04988687112927437,10.412911415100098,2400
top5_deflation,2,same_factor_diff_language,0.023920778185129166,10.527921676635742,25920
top5_deflation,2,same_factor_same_language,0.24066446721553802,9.251142501831055,5904
top5_deflation,2,same_domain_diff_language,0.006561582442373037,10.624795913696289,77760
top5_deflation,2,same_domain_same_language,0.10351759940385818,10.022941589355469,19584
top5_deflation,2,different_topic_diff_language,-0.0029869969002902508,10.683897018432617,518400
top5_deflation,2,different_topic_same_language,-0.027301467955112457,10.821375846862793,130560
raw,3,exact_translation_diff_language,0.9784529805183411,34.904335021972656,2400
raw,3,same_factor_diff_language,0.9760535955429077,41.839237213134766,25920
raw,3,same_factor_same_language,0.9899353384971619,30.112031936645508,5904
raw,3,same_domain_diff_language,0.9757580161094666,42.257015228271484,77760
raw,3,same_domain_same_language,0.9887932538986206,29.748592376708984,19584
raw,3,different_topic_diff_language,0.9748435020446777,44.414730072021484,518400
raw,3,different_topic_same_language,0.9867643117904663,33.30226135253906,130560
language_residualized,3,exact_translation_diff_language,0.5280479788780212,17.667875289916992,2400
language_residualized,3,same_factor_diff_language,0.15903466939926147,29.742752075195312,25920
language_residualized,3,same_factor_same_language,0.17991137504577637,30.11202621459961,5904
language_residualized,3,same_domain_diff_language,0.12562713027000427,30.42257308959961,77760
language_residualized,3,same_domain_same_language,0.16298367083072662,29.74858856201172,19584
language_residualized,3,different_topic_diff_language,0.032639648765325546,33.20105743408203,518400
language_residualized,3,different_topic_same_language,0.027342649176716805,33.30226135253906,130560
top5_deflation,3,exact_translation_diff_language,0.055846698582172394,10.97381591796875,2400
top5_deflation,3,same_factor_diff_language,0.0274524949491024,11.126112937927246,25920
top5_deflation,3,same_factor_same_language,0.23677334189414978,9.83506965637207,5904
top5_deflation,3,same_domain_diff_language,0.008918510749936104,11.234807014465332,77760
top5_deflation,3,same_domain_same_language,0.10169656574726105,10.642431259155273,19584
top5_deflation,3,different_topic_diff_language,-0.0032927461434155703,11.311675071716309,518400
top5_deflation,3,different_topic_same_language,-0.027889614924788475,11.478032112121582,130560
raw,4,exact_translation_diff_language,0.9809688329696655,39.29471969604492,2400
raw,4,same_factor_diff_language,0.9788529872894287,46.85572052001953,25920
raw,4,same_factor_same_language,0.9908173680305481,33.28654479980469,5904
raw,4,same_domain_diff_language,0.9785464406013489,47.324195861816406,77760
raw,4,same_domain_same_language,0.9897247552871704,32.886226654052734,19584
raw,4,different_topic_diff_language,0.9777318239212036,49.69340515136719,518400
raw,4,different_topic_same_language,0.9879043698310852,36.814308166503906,130560
language_residualized,4,exact_translation_diff_language,0.535841703414917,19.374950408935547,2400
language_residualized,4,same_factor_diff_language,0.16170759499073029,32.830814361572266,25920
language_residualized,4,same_factor_same_language,0.18002381920814514,33.28654479980469,5904
language_residualized,4,same_domain_diff_language,0.1270783692598343,33.60865020751953,77760
language_residualized,4,same_domain_same_language,0.16327179968357086,32.886226654052734,19584
language_residualized,4,different_topic_diff_language,0.032723281532526016,36.69939422607422,518400
language_residualized,4,different_topic_same_language,0.027351021766662598,36.814308166503906,130560
top5_deflation,4,exact_translation_diff_language,0.077846460044384,11.938043594360352,2400
top5_deflation,4,same_factor_diff_language,0.037466078996658325,12.197569847106934,25920
top5_deflation,4,same_factor_same_language,0.23600375652313232,10.853413581848145,5904
top5_deflation,4,same_domain_diff_language,0.01355245616286993,12.351197242736816,77760
top5_deflation,4,same_domain_same_language,0.1015288382768631,11.73934268951416,19584
top5_deflation,4,different_topic_diff_language,-0.004461526405066252,12.473238945007324,518400
top5_deflation,4,different_topic_same_language,-0.02799624763429165,12.656708717346191,130560
raw,5,exact_translation_diff_language,0.9876592755317688,55.438358306884766,2400
raw,5,same_factor_diff_language,0.9862992763519287,66.21399688720703,25920
raw,5,same_factor_same_language,0.9940319657325745,46.583492279052734,5904
raw,5,same_domain_diff_language,0.986032247543335,66.87964630126953,77760
raw,5,same_domain_same_language,0.993250846862793,45.65235137939453,19584
raw,5,different_topic_diff_language,0.9854449033737183,70.30480194091797,518400
raw,5,different_topic_same_language,0.9920052886009216,51.269203186035156,130560
language_residualized,5,exact_translation_diff_language,0.5842916965484619,24.79736328125,2400
language_residualized,5,same_factor_diff_language,0.1721821129322052,45.37545394897461,25920
language_residualized,5,same_factor_same_language,0.16981422901153564,46.58350372314453,5904
language_residualized,5,same_domain_diff_language,0.1366862952709198,46.51347732543945,77760
language_residualized,5,same_domain_same_language,0.16580165922641754,45.65235137939453,19584
language_residualized,5,different_topic_diff_language,0.040498387068510056,51.11745834350586,518400
language_residualized,5,different_topic_same_language,0.03656777739524841,51.269203186035156,130560
top5_deflation,5,exact_translation_diff_language,0.11980517208576202,12.683012962341309,2400
top5_deflation,5,same_factor_diff_language,0.06327485293149948,13.108955383300781,25920
top5_deflation,5,same_factor_same_language,0.2493063509464264,11.71574592590332,5904
top5_deflation,5,same_domain_diff_language,0.027605177834630013,13.361903190612793,77760
top5_deflation,5,same_domain_same_language,0.11142511665821075,12.72226333618164,19584
top5_deflation,5,different_topic_diff_language,-0.0077875894494354725,13.614640235900879,518400
top5_deflation,5,different_topic_same_language,-0.030323941260576248,13.814675331115723,130560
raw,6,exact_translation_diff_language,0.9873393774032593,61.05887985229492,2400
raw,6,same_factor_diff_language,0.9861676096916199,73.14083862304688,25920
raw,6,same_factor_same_language,0.9942941069602966,51.84050369262695,5904
raw,6,same_domain_diff_language,0.9858517050743103,73.91265106201172,77760
raw,6,same_domain_same_language,0.9934734106063843,50.790401458740234,19584
raw,6,different_topic_diff_language,0.9852714538574219,77.79934692382812,518400
raw,6,different_topic_same_language,0.9922414422035217,57.0933723449707,130560
language_residualized,6,exact_translation_diff_language,0.59409099817276,27.33454132080078,2400
language_residualized,6,same_factor_diff_language,0.17576833069324493,50.41781997680664,25920
language_residualized,6,same_factor_same_language,0.17053170502185822,51.84049987792969,5904
language_residualized,6,same_domain_diff_language,0.1390465497970581,51.71965408325195,77760
language_residualized,6,same_domain_same_language,0.1669216752052307,50.79039764404297,19584
language_residualized,6,different_topic_diff_language,0.03889922425150871,56.92787551879883,518400
language_residualized,6,different_topic_same_language,0.035185761749744415,57.09336853027344,130560
top5_deflation,6,exact_translation_diff_language,0.1571342945098877,14.010703086853027,2400
top5_deflation,6,same_factor_diff_language,0.07972463965415955,14.678969383239746,25920
top5_deflation,6,same_factor_same_language,0.24833323061466217,13.251791954040527,5904
top5_deflation,6,same_domain_diff_language,0.035379938781261444,15.03455638885498,77760
top5_deflation,6,same_domain_same_language,0.1124599426984787,14.364570617675781,19584
top5_deflation,6,different_topic_diff_language,-0.009553855285048485,15.396142959594727,518400
top5_deflation,6,different_topic_same_language,-0.03128042817115784,15.610245704650879,130560
raw,7,exact_translation_diff_language,0.9874317646026611,63.532527923583984,2400
raw,7,same_factor_diff_language,0.9863426685333252,76.2352294921875,25920
raw,7,same_factor_same_language,0.9945181012153625,54.34071731567383,5904
raw,7,same_domain_diff_language,0.9859883189201355,77.0691146850586,77760
raw,7,same_domain_same_language,0.9936885237693787,53.24904251098633,19584
raw,7,different_topic_diff_language,0.985414981842041,81.08695983886719,518400
raw,7,different_topic_same_language,0.9924920797348022,59.7437744140625,130560
language_residualized,7,exact_translation_diff_language,0.6000417470932007,28.583938598632812,2400
language_residualized,7,same_factor_diff_language,0.17624208331108093,52.81516647338867,25920
language_residualized,7,same_factor_same_language,0.16911622881889343,54.34073257446289,5904
language_residualized,7,same_domain_diff_language,0.13802318274974823,54.20576858520508,77760
language_residualized,7,same_domain_same_language,0.1651015728712082,53.2490348815918,19584
language_residualized,7,different_topic_diff_language,0.03881658986210823,59.57208251953125,518400
language_residualized,7,different_topic_same_language,0.03527316823601723,59.7437744140625,130560
top5_deflation,7,exact_translation_diff_language,0.17724484205245972,14.742267608642578,2400
top5_deflation,7,same_factor_diff_language,0.09102121740579605,15.546313285827637,25920
top5_deflation,7,same_factor_same_language,0.24889053404331207,14.120606422424316,5904
top5_deflation,7,same_domain_diff_language,0.039586685597896576,15.986703872680664,77760
top5_deflation,7,same_domain_same_language,0.11223102360963821,15.312338829040527,19584
top5_deflation,7,different_topic_diff_language,-0.01078200712800026,16.41663932800293,518400
top5_deflation,7,different_topic_same_language,-0.031147969886660576,16.6379451751709,130560
raw,8,exact_translation_diff_language,0.9869373440742493,65.91653442382812,2400
raw,8,same_factor_diff_language,0.9858030676841736,78.88232421875,25920
raw,8,same_factor_same_language,0.9945747256278992,55.83357238769531,5904
raw,8,same_domain_diff_language,0.9854164719581604,79.75418090820312,77760
raw,8,same_domain_same_language,0.9937661290168762,54.73003005981445,19584
raw,8,different_topic_diff_language,0.9848081469535828,83.90379333496094,518400
raw,8,different_topic_same_language,0.9925540685653687,61.46280288696289,130560
language_residualized,8,exact_translation_diff_language,0.6036789417266846,29.38223648071289,2400
language_residualized,8,same_factor_diff_language,0.17914259433746338,54.242958068847656,25920
language_residualized,8,same_factor_same_language,0.17061357200145721,55.83357620239258,5904
language_residualized,8,same_domain_diff_language,0.13990364968776703,55.70299530029297,77760
language_residualized,8,same_domain_same_language,0.16650240123271942,54.73003005981445,19584
language_residualized,8,different_topic_diff_language,0.03838452696800232,61.277618408203125,518400
language_residualized,8,different_topic_same_language,0.03484799340367317,61.462806701660156,130560
top5_deflation,8,exact_translation_diff_language,0.19775044918060303,15.097441673278809,2400
top5_deflation,8,same_factor_diff_language,0.10245934128761292,16.032352447509766,25920
top5_deflation,8,same_factor_same_language,0.250131756067276,14.648126602172852,5904
top5_deflation,8,same_domain_diff_language,0.04492957517504692,16.542659759521484,77760
top5_deflation,8,same_domain_same_language,0.11397869139909744,15.87808609008789,19584
top5_deflation,8,different_topic_diff_language,-0.012047940865159035,17.045385360717773,518400
top5_deflation,8,different_topic_same_language,-0.03187939152121544,17.27628517150879,130560
raw,9,exact_translation_diff_language,0.9872387647628784,67.18963623046875,2400
raw,9,same_factor_diff_language,0.9859592914581299,80.58688354492188,25920
raw,9,same_factor_same_language,0.994405210018158,57.3181037902832,5904
raw,9,same_domain_diff_language,0.9855279922485352,81.509521484375,77760
raw,9,same_domain_same_language,0.9935948848724365,56.21596145629883,19584
raw,9,different_topic_diff_language,0.9848721027374268,85.81372833251953,518400
raw,9,different_topic_same_language,0.9923534989356995,63.17235565185547,130560
language_residualized,9,exact_translation_diff_language,0.606399416923523,30.28900718688965,2400
language_residualized,9,same_factor_diff_language,0.18174251914024353,55.68153381347656,25920
language_residualized,9,same_factor_same_language,0.1722794771194458,57.318111419677734,5904
language_residualized,9,same_domain_diff_language,0.14098532497882843,57.213722229003906,77760
language_residualized,9,same_domain_same_language,0.16746817529201508,56.21596145629883,19584
language_residualized,9,different_topic_diff_language,0.036678653210401535,62.9759407043457,518400
language_residualized,9,different_topic_same_language,0.03330930694937706,63.172359466552734,130560
top5_deflation,9,exact_translation_diff_language,0.22180496156215668,15.70445442199707,2400
top5_deflation,9,same_factor_diff_language,0.11106940358877182,16.87407112121582,25920
top5_deflation,9,same_factor_same_language,0.24529266357421875,15.553474426269531,5904
top5_deflation,9,same_domain_diff_language,0.04875657707452774,17.45661735534668,77760
top5_deflation,9,same_domain_same_language,0.11395958065986633,16.795625686645508,19584
top5_deflation,9,different_topic_diff_language,-0.013072998262941837,18.032670974731445,518400
top5_deflation,9,different_topic_same_language,-0.0315716415643692,18.270830154418945,130560
raw,10,exact_translation_diff_language,0.9878911375999451,68.04540252685547,2400
raw,10,same_factor_diff_language,0.9864903092384338,81.67935943603516,25920
raw,10,same_factor_same_language,0.9944033026695251,58.23147964477539,5904
raw,10,same_domain_diff_language,0.986020565032959,82.63592529296875,77760
raw,10,same_domain_same_language,0.9935986995697021,57.12977981567383,19584
raw,10,different_topic_diff_language,0.9853353500366211,87.01376342773438,518400
raw,10,different_topic_same_language,0.9923619627952576,64.18595123291016,130560
language_residualized,10,exact_translation_diff_language,0.6100580096244812,30.762422561645508,2400
language_residualized,10,same_factor_diff_language,0.1831163614988327,56.54344177246094,25920
language_residualized,10,same_factor_same_language,0.1726451814174652,58.231483459472656,5904
language_residualized,10,same_domain_diff_language,0.14126616716384888,58.125423431396484,77760
language_residualized,10,same_domain_same_language,0.16743499040603638,57.12977981567383,19584
language_residualized,10,different_topic_diff_language,0.03572148084640503,63.97903060913086,518400
language_residualized,10,different_topic_same_language,0.03241391479969025,64.18595123291016,130560
top5_deflation,10,exact_translation_diff_language,0.24279235303401947,16.023990631103516,2400
top5_deflation,10,same_factor_diff_language,0.11877399682998657,17.381591796875,25920
top5_deflation,10,same_factor_same_language,0.2441888004541397,16.108963012695312,5904
top5_deflation,10,same_domain_diff_language,0.050705961883068085,18.03972625732422,77760
top5_deflation,10,same_domain_same_language,0.11305809020996094,17.38934898376465,19584
top5_deflation,10,different_topic_diff_language,-0.013853703625500202,18.661075592041016,518400
top5_deflation,10,different_topic_same_language,-0.030961427837610245,18.898075103759766,130560
raw,11,exact_translation_diff_language,0.9879030585289001,68.79130554199219,2400
raw,11,same_factor_diff_language,0.9863666296005249,82.5679702758789,25920
raw,11,same_factor_same_language,0.9940601587295532,58.8846435546875,5904
raw,11,same_domain_diff_language,0.9858086109161377,83.56683349609375,77760
raw,11,same_domain_same_language,0.9931621551513672,57.843666076660156,19584
raw,11,different_topic_diff_language,0.985004186630249,88.00442504882812,518400
raw,11,different_topic_same_language,0.9917969107627869,64.99861145019531,130560
language_residualized,11,exact_translation_diff_language,0.613002598285675,31.249706268310547,2400
language_residualized,11,same_factor_diff_language,0.18553104996681213,57.20361328125,25920
language_residualized,11,same_factor_same_language,0.1751904934644699,58.884647369384766,5904
language_residualized,11,same_domain_diff_language,0.14198851585388184,58.847190856933594,77760
language_residualized,11,same_domain_same_language,0.16802440583705902,57.843685150146484,19584
language_residualized,11,different_topic_diff_language,0.03362857550382614,64.7843017578125,518400
language_residualized,11,different_topic_same_language,0.03039286471903324,64.99861145019531,130560
top5_deflation,11,exact_translation_diff_language,0.264616459608078,16.645767211914062,2400
top5_deflation,11,same_factor_diff_language,0.1313568353652954,18.197816848754883,25920
top5_deflation,11,same_factor_same_language,0.2515220642089844,16.908105850219727,5904
top5_deflation,11,same_domain_diff_language,0.057246945798397064,18.954898834228516,77760
top5_deflation,11,same_domain_same_language,0.11979085952043533,18.26995277404785,19584
top5_deflation,11,different_topic_diff_language,-0.016135916113853455,19.69576072692871,518400
top5_deflation,11,different_topic_same_language,-0.029591001570224762,19.91583251953125,130560
raw,12,exact_translation_diff_language,0.9878708720207214,68.91265106201172,2400
raw,12,same_factor_diff_language,0.9863417744636536,82.71038055419922,25920
raw,12,same_factor_same_language,0.9940534830093384,59.04494857788086,5904
raw,12,same_domain_diff_language,0.9857879281044006,83.70975494384766,77760
raw,12,same_domain_same_language,0.9931395053863525,58.016136169433594,19584
raw,12,different_topic_diff_language,0.9849956035614014,88.16019439697266,518400
raw,12,different_topic_same_language,0.9917812943458557,65.19052124023438,130560
language_residualized,12,exact_translation_diff_language,0.6111921072006226,31.417573928833008,2400
language_residualized,12,same_factor_diff_language,0.1848103255033493,57.39131546020508,25920
language_residualized,12,same_factor_same_language,0.1754433810710907,59.044944763183594,5904
language_residualized,12,same_domain_diff_language,0.1413722038269043,59.033538818359375,77760
language_residualized,12,same_domain_same_language,0.1676499992609024,58.0161247253418,19584
language_residualized,12,different_topic_diff_language,0.03344041109085083,64.97764587402344,518400
language_residualized,12,different_topic_same_language,0.030123043805360794,65.19052124023438,130560
top5_deflation,12,exact_translation_diff_language,0.2663027048110962,16.7403621673584,2400
top5_deflation,12,same_factor_diff_language,0.13098040223121643,18.326740264892578,25920
top5_deflation,12,same_factor_same_language,0.25108057260513306,17.029787063598633,5904
top5_deflation,12,same_domain_diff_language,0.05736897885799408,19.08540916442871,77760
top5_deflation,12,same_domain_same_language,0.11765386909246445,18.420284271240234,19584
top5_deflation,12,different_topic_diff_language,-0.015576263889670372,19.829051971435547,518400
top5_deflation,12,different_topic_same_language,-0.03153933957219124,20.075271606445312,130560
raw,13,exact_translation_diff_language,0.9880203008651733,69.79412078857422,2400
raw,13,same_factor_diff_language,0.9864277243614197,83.66448974609375,25920
raw,13,same_factor_same_language,0.9937983155250549,59.62793731689453,5904
raw,13,same_domain_diff_language,0.9857784509658813,84.7181625366211,77760
raw,13,same_domain_same_language,0.9927276372909546,58.7407112121582,19584
raw,13,different_topic_diff_language,0.9848995804786682,89.20085144042969,518400
raw,13,different_topic_same_language,0.991265058517456,65.9865951538086,130560
language_residualized,13,exact_translation_diff_language,0.610995352268219,32.028194427490234,2400
language_residualized,13,same_factor_diff_language,0.18690690398216248,58.0456657409668,25920
language_residualized,13,same_factor_same_language,0.17997561395168304,59.62794876098633,5904
language_residualized,13,same_domain_diff_language,0.1413278430700302,59.76486587524414,77760
language_residualized,13,same_domain_same_language,0.16786739230155945,58.7407112121582,19584
language_residualized,13,different_topic_diff_language,0.03175343573093414,65.75066375732422,518400
language_residualized,13,different_topic_same_language,0.028213568031787872,65.9865951538086,130560
top5_deflation,13,exact_translation_diff_language,0.23286937177181244,18.161603927612305,2400
top5_deflation,13,same_factor_diff_language,0.1064450591802597,19.68822479248047,25920
top5_deflation,13,same_factor_same_language,0.27442237734794617,17.68637466430664,5904
top5_deflation,13,same_domain_diff_language,0.030594229698181152,20.511445999145508,77760
top5_deflation,13,same_domain_same_language,0.13563059270381927,19.284801483154297,19584
top5_deflation,13,different_topic_diff_language,-0.021555135026574135,21.06442642211914,518400
top5_deflation,13,different_topic_same_language,0.009400238282978535,20.785045623779297,130560
raw,14,exact_translation_diff_language,0.9848723411560059,72.1264419555664,2400
raw,14,same_factor_diff_language,0.9833049774169922,85.58861541748047,25920
raw,14,same_factor_same_language,0.9934739470481873,59.689239501953125,5904
raw,14,same_domain_diff_language,0.9826121926307678,86.64086151123047,77760
raw,14,same_domain_same_language,0.9923396706581116,58.91383361816406,19584
raw,14,different_topic_diff_language,0.981673538684845,91.05708312988281,518400
raw,14,different_topic_same_language,0.9907441735267639,66.20719909667969,130560
language_residualized,14,exact_translation_diff_language,0.6079461574554443,32.47163772583008,2400
language_residualized,14,same_factor_diff_language,0.18858616054058075,58.202850341796875,25920
language_residualized,14,same_factor_same_language,0.18378014862537384,59.689239501953125,5904
language_residualized,14,same_domain_diff_language,0.14192621409893036,59.9613151550293,77760
language_residualized,14,same_domain_same_language,0.16911573708057404,58.91383743286133,19584
language_residualized,14,different_topic_diff_language,0.030826272442936897,65.95795440673828,518400
language_residualized,14,different_topic_same_language,0.027018869295716286,66.20719909667969,130560
top5_deflation,14,exact_translation_diff_language,0.28297626972198486,18.231168746948242,2400
top5_deflation,14,same_factor_diff_language,0.15043626725673676,19.981416702270508,25920
top5_deflation,14,same_factor_same_language,0.2728877067565918,18.478965759277344,5904
top5_deflation,14,same_domain_diff_language,0.0678216740489006,20.932355880737305,77760
top5_deflation,14,same_domain_same_language,0.1273326724767685,20.1933536529541,19584
top5_deflation,14,different_topic_diff_language,-0.017916686832904816,21.89874839782715,518400
top5_deflation,14,different_topic_same_language,-0.034797776490449905,22.182554244995117,130560
raw,15,exact_translation_diff_language,0.9846220016479492,72.36869812011719,2400
raw,15,same_factor_diff_language,0.9829517006874084,85.96504974365234,25920
raw,15,same_factor_same_language,0.993062436580658,60.32691955566406,5904
raw,15,same_domain_diff_language,0.9821900725364685,87.06086730957031,77760
raw,15,same_domain_same_language,0.9918311834335327,59.644012451171875,19584
raw,15,different_topic_diff_language,0.9811755418777466,91.53294372558594,518400
raw,15,different_topic_same_language,0.9901307225227356,67.0162124633789,130560
language_residualized,15,exact_translation_diff_language,0.6062175631523132,33.19343948364258,2400
language_residualized,15,same_factor_diff_language,0.188870370388031,58.904747009277344,25920
language_residualized,15,same_factor_same_language,0.18584442138671875,60.32691192626953,5904
language_residualized,15,same_domain_diff_language,0.14133533835411072,60.712276458740234,77760
language_residualized,15,same_domain_same_language,0.16914042830467224,59.64400863647461,19584
language_residualized,15,different_topic_diff_language,0.028654178604483604,66.74752807617188,518400
language_residualized,15,different_topic_same_language,0.024627527222037315,67.01620483398438,130560
top5_deflation,15,exact_translation_diff_language,0.2881454527378082,19.211172103881836,2400
top5_deflation,15,same_factor_diff_language,0.15304253995418549,21.107301712036133,25920
top5_deflation,15,same_factor_same_language,0.27440232038497925,19.537527084350586,5904
top5_deflation,15,same_domain_diff_language,0.06951189786195755,22.125925064086914,77760
top5_deflation,15,same_domain_same_language,0.12900255620479584,21.351099014282227,19584
top5_deflation,15,different_topic_diff_language,-0.01833781972527504,23.169239044189453,518400
top5_deflation,15,different_topic_same_language,-0.034991804510354996,23.477378845214844,130560
raw,16,exact_translation_diff_language,0.9846299290657043,72.71438598632812,2400
raw,16,same_factor_diff_language,0.9828691482543945,86.29217529296875,25920
raw,16,same_factor_same_language,0.9928839206695557,60.613460540771484,5904
raw,16,same_domain_diff_language,0.9820932149887085,87.4115982055664,77760
raw,16,same_domain_same_language,0.9916301965713501,60.019775390625,19584
raw,16,different_topic_diff_language,0.9810807108879089,91.86966705322266,518400
raw,16,different_topic_same_language,0.9899134039878845,67.4006576538086,130560
language_residualized,16,exact_translation_diff_language,0.6022727489471436,33.75428771972656,2400
language_residualized,16,same_factor_diff_language,0.18839575350284576,59.27655792236328,25920
language_residualized,16,same_factor_same_language,0.18773385882377625,60.61344909667969,5904
language_residualized,16,same_domain_diff_language,0.140236034989357,61.10966491699219,77760
language_residualized,16,same_domain_same_language,0.1688883751630783,60.019775390625,19584
language_residualized,16,different_topic_diff_language,0.02762610837817192,67.11329650878906,518400
language_residualized,16,different_topic_same_language,0.023288225755095482,67.40066528320312,130560
top5_deflation,16,exact_translation_diff_language,0.28541138768196106,20.01263427734375,2400
top5_deflation,16,same_factor_diff_language,0.15096698701381683,21.97349739074707,25920
top5_deflation,16,same_factor_same_language,0.27490994334220886,20.306161880493164,5904
top5_deflation,16,same_domain_diff_language,0.06772439926862717,23.024852752685547,77760
top5_deflation,16,same_domain_same_language,0.12904475629329681,22.198091506958008,19584
top5_deflation,16,different_topic_diff_language,-0.01804540678858757,24.081632614135742,518400
top5_deflation,16,different_topic_same_language,-0.034658242017030716,24.40342903137207,130560
raw,17,exact_translation_diff_language,0.9818636178970337,75.34281921386719,2400
raw,17,same_factor_diff_language,0.9799781441688538,88.65257263183594,25920
raw,17,same_factor_same_language,0.9922531843185425,61.1119270324707,5904
raw,17,same_domain_diff_language,0.979043185710907,89.82617950439453,77760
raw,17,same_domain_same_language,0.990820586681366,60.72248840332031,19584
raw,17,different_topic_diff_language,0.9778044819831848,94.3216781616211,518400
raw,17,different_topic_same_language,0.9887900352478027,68.30719757080078,130560
language_residualized,17,exact_translation_diff_language,0.6009755730628967,34.573204040527344,2400
language_residualized,17,same_factor_diff_language,0.19301019608974457,59.90960693359375,25920
language_residualized,17,same_factor_same_language,0.1951625943183899,61.1119270324707,5904
language_residualized,17,same_domain_diff_language,0.1416977047920227,61.863677978515625,77760
language_residualized,17,same_domain_same_language,0.17156009376049042,60.72248840332031,19584
language_residualized,17,different_topic_diff_language,0.02452852949500084,67.98912811279297,518400
language_residualized,17,different_topic_same_language,0.019892284646630287,68.30719757080078,130560
top5_deflation,17,exact_translation_diff_language,0.30106857419013977,21.200429916381836,2400
top5_deflation,17,same_factor_diff_language,0.1686653345823288,23.317548751831055,25920
top5_deflation,17,same_factor_same_language,0.28961798548698425,21.526676177978516,5904
top5_deflation,17,same_domain_diff_language,0.07829795777797699,24.550500869750977,77760
top5_deflation,17,same_domain_same_language,0.1397135853767395,23.647470474243164,19584
top5_deflation,17,different_topic_diff_language,-0.020358821377158165,25.851181030273438,518400
top5_deflation,17,different_topic_same_language,-0.03758402541279793,26.214616775512695,130560
raw,18,exact_translation_diff_language,0.9811339378356934,76.08890533447266,2400
raw,18,same_factor_diff_language,0.9788916110992432,89.33671569824219,25920
raw,18,same_factor_same_language,0.9913920760154724,61.43424987792969,5904
raw,18,same_domain_diff_language,0.9778679013252258,90.5625991821289,77760
raw,18,same_domain_same_language,0.9898256659507751,61.26398468017578,19584
raw,18,different_topic_diff_language,0.9765523076057434,95.11178588867188,518400
raw,18,different_topic_same_language,0.9876303672790527,69.00106048583984,130560
language_residualized,18,exact_translation_diff_language,0.5926268696784973,35.585838317871094,2400
language_residualized,18,same_factor_diff_language,0.19348964095115662,60.45419692993164,25920
language_residualized,18,same_factor_same_language,0.20077204704284668,61.43424606323242,5904
language_residualized,18,same_domain_diff_language,0.1408570408821106,62.47011947631836,77760
language_residualized,18,same_domain_same_language,0.17260468006134033,61.26398468017578,19584
language_residualized,18,different_topic_diff_language,0.02173418551683426,68.64688110351562,518400
language_residualized,18,different_topic_same_language,0.016595400869846344,69.00105285644531,130560
top5_deflation,18,exact_translation_diff_language,0.2959728240966797,22.72978401184082,2400
top5_deflation,18,same_factor_diff_language,0.16504821181297302,24.976673126220703,25920
top5_deflation,18,same_factor_same_language,0.29012221097946167,22.981351852416992,5904
top5_deflation,18,same_domain_diff_language,0.07585901021957397,26.274768829345703,77760
top5_deflation,18,same_domain_same_language,0.14006856083869934,25.2683048248291,19584
top5_deflation,18,different_topic_diff_language,-0.01983865723013878,27.62105369567871,518400
top5_deflation,18,different_topic_same_language,-0.03753754124045372,28.026872634887695,130560
raw,19,exact_translation_diff_language,0.9790357351303101,77.45994567871094,2400
raw,19,same_factor_diff_language,0.9763599038124084,90.41053009033203,25920
raw,19,same_factor_same_language,0.9905160665512085,61.57680892944336,5904
raw,19,same_domain_diff_language,0.9752030372619629,91.7042465209961,77760
raw,19,same_domain_same_language,0.9887984395027161,61.73046112060547,19584
raw,19,different_topic_diff_language,0.9736748337745667,96.25184631347656,518400
raw,19,different_topic_same_language,0.9863027930259705,69.58924102783203,130560
language_residualized,19,exact_translation_diff_language,0.5849046111106873,36.70657730102539,2400
language_residualized,19,same_factor_diff_language,0.19557784497737885,60.8824348449707,25920
language_residualized,19,same_factor_same_language,0.20905181765556335,61.57680892944336,5904
language_residualized,19,same_domain_diff_language,0.1397905796766281,63.0098876953125,77760
language_residualized,19,same_domain_same_language,0.17360863089561462,61.73046875,19584
language_residualized,19,different_topic_diff_language,0.01743340492248535,69.19550323486328,518400
language_residualized,19,different_topic_same_language,0.01162839774042368,69.58924102783203,130560
top5_deflation,19,exact_translation_diff_language,0.29789674282073975,24.53079605102539,2400
top5_deflation,19,same_factor_diff_language,0.16933201253414154,26.904010772705078,25920
top5_deflation,19,same_factor_same_language,0.297270804643631,24.65566062927246,5904
top5_deflation,19,same_domain_diff_language,0.07724329829216003,28.359439849853516,77760
top5_deflation,19,same_domain_same_language,0.14395655691623688,27.227928161621094,19584
top5_deflation,19,different_topic_diff_language,-0.020257947966456413,29.83255958557129,518400
top5_deflation,19,different_topic_same_language,-0.03844320401549339,30.2759952545166,130560
raw,20,exact_translation_diff_language,0.9777466654777527,78.74566650390625,2400
raw,20,same_factor_diff_language,0.9747028350830078,91.22918701171875,25920
raw,20,same_factor_same_language,0.9899449348449707,61.11075210571289,5904
raw,20,same_domain_diff_language,0.9735667109489441,92.50130462646484,77760
raw,20,same_domain_same_language,0.9882779717445374,61.444923400878906,19584
raw,20,different_topic_diff_language,0.9719204902648926,96.95374298095703,518400
raw,20,different_topic_same_language,0.9856102466583252,69.33038330078125,130560
language_residualized,20,exact_translation_diff_language,0.5745988488197327,37.305912017822266,2400
language_residualized,20,same_factor_diff_language,0.19477228820323944,60.67194747924805,25920
language_residualized,20,same_factor_same_language,0.21372255682945251,61.11075210571289,5904
language_residualized,20,same_domain_diff_language,0.13871128857135773,62.790565490722656,77760
language_residualized,20,same_domain_same_language,0.17457100749015808,61.44493103027344,19584
language_residualized,20,different_topic_diff_language,0.015055540017783642,68.9071044921875,518400
language_residualized,20,different_topic_same_language,0.008680003695189953,69.33039093017578,130560
top5_deflation,20,exact_translation_diff_language,0.28908929228782654,25.734254837036133,2400
top5_deflation,20,same_factor_diff_language,0.16467034816741943,28.1348934173584,25920
top5_deflation,20,same_factor_same_language,0.2965872287750244,25.696672439575195,5904
top5_deflation,20,same_domain_diff_language,0.07595271617174149,29.593753814697266,77760
top5_deflation,20,same_domain_same_language,0.14513204991817474,28.361663818359375,19584
top5_deflation,20,different_topic_diff_language,-0.01971977949142456,31.099946975708008,518400
top5_deflation,20,different_topic_same_language,-0.03899533301591873,31.5808048248291,130560
raw,21,exact_translation_diff_language,0.9772306084632874,79.9632797241211,2400
raw,21,same_factor_diff_language,0.9737800359725952,91.73458862304688,25920
raw,21,same_factor_same_language,0.9893211722373962,60.13237380981445,5904
raw,21,same_domain_diff_language,0.972622811794281,93.00579071044922,77760
raw,21,same_domain_same_language,0.9876583218574524,60.7586555480957,19584
raw,21,different_topic_diff_language,0.9708929061889648,97.29884338378906,518400
raw,21,different_topic_same_language,0.9848645925521851,68.6091537475586,130560
language_residualized,21,exact_translation_diff_language,0.5620937943458557,37.993560791015625,2400
language_residualized,21,same_factor_diff_language,0.19478075206279755,60.02484893798828,25920
language_residualized,21,same_factor_same_language,0.2204797863960266,60.132362365722656,5904
language_residualized,21,same_domain_diff_language,0.13698802888393402,62.166324615478516,77760
language_residualized,21,same_domain_same_language,0.17523102462291718,60.7586669921875,19584
language_residualized,21,different_topic_diff_language,0.010884792543947697,68.1524887084961,518400
language_residualized,21,different_topic_same_language,0.003738182596862316,68.60916137695312,130560
top5_deflation,21,exact_translation_diff_language,0.28566452860832214,27.236055374145508,2400
top5_deflation,21,same_factor_diff_language,0.1608547866344452,29.768770217895508,25920
top5_deflation,21,same_factor_same_language,0.29467999935150146,27.16631507873535,5904
top5_deflation,21,same_domain_diff_language,0.07336127012968063,31.283706665039062,77760
top5_deflation,21,same_domain_same_language,0.14478014409542084,29.954238891601562,19584
top5_deflation,21,different_topic_diff_language,-0.01920681819319725,32.814083099365234,518400
top5_deflation,21,different_topic_same_language,-0.03853479027748108,33.32041931152344,130560
raw,22,exact_translation_diff_language,0.9740166068077087,84.16520690917969,2400
raw,22,same_factor_diff_language,0.9706888794898987,95.04552459716797,25920
raw,22,same_factor_same_language,0.9893177151679993,59.7308349609375,5904
raw,22,same_domain_diff_language,0.9695650339126587,96.30797576904297,77760
raw,22,same_domain_same_language,0.9877021312713623,60.65958786010742,19584
raw,22,different_topic_diff_language,0.9678276777267456,100.43043518066406,518400
raw,22,different_topic_same_language,0.9848530292510986,68.59548950195312,130560
language_residualized,22,exact_translation_diff_language,0.5477277040481567,39.13028335571289,2400
language_residualized,22,same_factor_diff_language,0.19520047307014465,59.98113250732422,25920
language_residualized,22,same_factor_same_language,0.22763291001319885,59.73082733154297,5904
language_residualized,22,same_domain_diff_language,0.13566720485687256,62.175785064697266,77760
language_residualized,22,same_domain_same_language,0.17643074691295624,60.65958786010742,19584
language_residualized,22,different_topic_diff_language,0.006635175086557865,68.10142517089844,518400
language_residualized,22,different_topic_same_language,-0.0013178563676774502,68.59548950195312,130560
top5_deflation,22,exact_translation_diff_language,0.2827707827091217,29.022216796875,2400
top5_deflation,22,same_factor_diff_language,0.1583503931760788,31.714214324951172,25920
top5_deflation,22,same_factor_same_language,0.29218006134033203,28.920501708984375,5904
top5_deflation,22,same_domain_diff_language,0.07288064807653427,33.291629791259766,77760
top5_deflation,22,same_domain_same_language,0.14581401646137238,31.82508659362793,19584
top5_deflation,22,different_topic_diff_language,-0.018938248977065086,34.910823822021484,518400
top5_deflation,22,different_topic_same_language,-0.03889000415802002,35.455440521240234,130560
raw,23,exact_translation_diff_language,0.9751623272895813,89.83172607421875,2400
raw,23,same_factor_diff_language,0.972278892993927,100.21855926513672,25920
raw,23,same_factor_same_language,0.9903979897499084,60.40566635131836,5904
raw,23,same_domain_diff_language,0.9712327718734741,101.51466369628906,77760
raw,23,same_domain_same_language,0.9888612627983093,61.70893478393555,19584
raw,23,different_topic_diff_language,0.9696453213691711,105.63566589355469,518400
raw,23,different_topic_same_language,0.9862003922462463,70.03397369384766,130560
language_residualized,23,exact_translation_diff_language,0.5352405905723572,40.840057373046875,2400
language_residualized,23,same_factor_diff_language,0.19822555780410767,61.06378936767578,25920
language_residualized,23,same_factor_same_language,0.23833157122135162,60.40568542480469,5904
language_residualized,23,same_domain_diff_language,0.13652384281158447,63.387577056884766,77760
language_residualized,23,same_domain_same_language,0.180559441447258,61.70893859863281,19584
language_residualized,23,different_topic_diff_language,0.0026309138629585505,69.49891662597656,518400
language_residualized,23,different_topic_same_language,-0.0060197738930583,70.03398895263672,130560
top5_deflation,23,exact_translation_diff_language,0.2805221676826477,30.876880645751953,2400
top5_deflation,23,same_factor_diff_language,0.16099859774112701,33.65452194213867,25920
top5_deflation,23,same_factor_same_language,0.29829341173171997,30.538368225097656,5904
top5_deflation,23,same_domain_diff_language,0.0745338723063469,35.357887268066406,77760
top5_deflation,23,same_domain_same_language,0.150487020611763,33.715354919433594,19584
top5_deflation,23,different_topic_diff_language,-0.019290579482913017,37.11316680908203,518400
top5_deflation,23,different_topic_same_language,-0.039873991161584854,37.701725006103516,130560
raw,24,exact_translation_diff_language,0.9756108522415161,93.78961944580078,2400
raw,24,same_factor_diff_language,0.972949206829071,104.01044464111328,25920
raw,24,same_factor_same_language,0.9907249808311462,61.42664337158203,5904
raw,24,same_domain_diff_language,0.9719194173812866,105.33928680419922,77760
raw,24,same_domain_same_language,0.9891748428344727,62.97191619873047,19584
raw,24,different_topic_diff_language,0.9704018831253052,109.50778198242188,518400
raw,24,different_topic_same_language,0.9865581393241882,71.65057373046875,130560
language_residualized,24,exact_translation_diff_language,0.5252490639686584,42.520137786865234,2400
language_residualized,24,same_factor_diff_language,0.19913247227668762,62.40400314331055,25920
language_residualized,24,same_factor_same_language,0.24457494914531708,61.42665100097656,5904
language_residualized,24,same_domain_diff_language,0.13667581975460052,64.8109359741211,77760
language_residualized,24,same_domain_same_language,0.1834152191877365,62.97190475463867,19584
language_residualized,24,different_topic_diff_language,-1.1080518561357167e-05,71.08861541748047,518400
language_residualized,24,different_topic_same_language,-0.00919410865753889,71.65057373046875,130560
top5_deflation,24,exact_translation_diff_language,0.27587035298347473,32.65715026855469,2400
top5_deflation,24,same_factor_diff_language,0.15853990614414215,35.54275131225586,25920
top5_deflation,24,same_factor_same_language,0.29857563972473145,32.14570236206055,5904
top5_deflation,24,same_domain_diff_language,0.07305911928415298,37.32088851928711,77760
top5_deflation,24,same_domain_same_language,0.15196064114570618,35.498714447021484,19584
top5_deflation,24,different_topic_diff_language,-0.01895260065793991,39.137054443359375,518400
top5_deflation,24,different_topic_same_language,-0.03998783975839615,39.75377655029297,130560
raw,25,exact_translation_diff_language,0.9752459526062012,97.74027252197266,2400
raw,25,same_factor_diff_language,0.9727387428283691,107.85053253173828,25920
raw,25,same_factor_same_language,0.9908444881439209,62.441951751708984,5904
raw,25,same_domain_diff_language,0.9717277884483337,109.1918716430664,77760
raw,25,same_domain_same_language,0.9892714023590088,64.18939208984375,19584
raw,25,different_topic_diff_language,0.9702689051628113,113.34615325927734,518400
raw,25,different_topic_same_language,0.9866646528244019,73.11707305908203,130560
language_residualized,25,exact_translation_diff_language,0.5141868591308594,44.14939498901367,2400
language_residualized,25,same_factor_diff_language,0.19736959040164948,63.73274612426758,25920
language_residualized,25,same_factor_same_language,0.24816468358039856,62.44196319580078,5904
language_residualized,25,same_domain_diff_language,0.13493895530700684,66.18582916259766,77760
language_residualized,25,same_domain_same_language,0.18427936732769012,64.18939971923828,19584
language_residualized,25,different_topic_diff_language,-0.0019566745031625032,72.53144836425781,518400
language_residualized,25,different_topic_same_language,-0.011625631712377071,73.11707305908203,130560
top5_deflation,25,exact_translation_diff_language,0.26787108182907104,34.34123611450195,2400
top5_deflation,25,same_factor_diff_language,0.15406841039657593,37.28121566772461,25920
top5_deflation,25,same_factor_same_language,0.2981381416320801,33.59103012084961,5904
top5_deflation,25,same_domain_diff_language,0.07070046663284302,39.092342376708984,77760
top5_deflation,25,same_domain_same_language,0.15262234210968018,37.093387603759766,19584
top5_deflation,25,different_topic_diff_language,-0.018376151099801064,40.92847442626953,518400
top5_deflation,25,different_topic_same_language,-0.039981961250305176,41.57075881958008,130560
raw,26,exact_translation_diff_language,0.9743587970733643,100.42444610595703,2400
raw,26,same_factor_diff_language,0.9719492197036743,110.34418487548828,25920
raw,26,same_factor_same_language,0.9907275438308716,62.917449951171875,5904
raw,26,same_domain_diff_language,0.9709437489509583,111.67626190185547,77760
raw,26,same_domain_same_language,0.9891074299812317,64.82088470458984,19584
raw,26,different_topic_diff_language,0.9695215225219727,115.73065185546875,518400
raw,26,different_topic_same_language,0.9864595532417297,73.81350708007812,130560
language_residualized,26,exact_translation_diff_language,0.5022958517074585,45.38232421875,2400
language_residualized,26,same_factor_diff_language,0.19355717301368713,64.49488067626953,25920
language_residualized,26,same_factor_same_language,0.24953654408454895,62.91743850708008,5904
language_residualized,26,same_domain_diff_language,0.13150714337825775,66.95064544677734,77760
language_residualized,26,same_domain_same_language,0.18356220424175262,64.82089233398438,19584
language_residualized,26,different_topic_diff_language,-0.0032650483772158623,73.21247863769531,518400
language_residualized,26,different_topic_same_language,-0.013423355296254158,73.81350708007812,130560
top5_deflation,26,exact_translation_diff_language,0.25828874111175537,35.767234802246094,2400
top5_deflation,26,same_factor_diff_language,0.14782613515853882,38.71735763549805,25920
top5_deflation,26,same_factor_same_language,0.29617491364479065,34.77401351928711,5904
top5_deflation,26,same_domain_diff_language,0.0673341229557991,40.52015686035156,77760
top5_deflation,26,same_domain_same_language,0.15243899822235107,38.364295959472656,19584
top5_deflation,26,different_topic_diff_language,-0.017570028081536293,42.32301712036133,518400
top5_deflation,26,different_topic_same_language,-0.03979457542300224,42.981136322021484,130560
raw,27,exact_translation_diff_language,0.9727201461791992,101.94096374511719,2400
raw,27,same_factor_diff_language,0.9704171419143677,111.54000091552734,25920
raw,27,same_factor_same_language,0.9905537962913513,62.796146392822266,5904
raw,27,same_domain_diff_language,0.9694250822067261,112.84161376953125,77760
raw,27,same_domain_same_language,0.9888886213302612,64.81633758544922,19584
raw,27,different_topic_diff_language,0.9680310487747192,116.78572082519531,518400
raw,27,different_topic_same_language,0.9861882328987122,73.80647277832031,130560
language_residualized,27,exact_translation_diff_language,0.4903509020805359,46.1403923034668,2400
language_residualized,27,same_factor_diff_language,0.19013898074626923,64.63258361816406,25920
language_residualized,27,same_factor_same_language,0.25117170810699463,62.79615020751953,5904
language_residualized,27,same_domain_diff_language,0.12905603647232056,67.04817962646484,77760
language_residualized,27,same_domain_same_language,0.1833915412425995,64.81633758544922,19584
language_residualized,27,different_topic_diff_language,-0.00411803275346756,73.19525909423828,518400
language_residualized,27,different_topic_same_language,-0.014840515330433846,73.80648040771484,130560
top5_deflation,27,exact_translation_diff_language,0.24701032042503357,36.79572296142578,2400
top5_deflation,27,same_factor_diff_language,0.14163638651371002,39.66014862060547,25920
top5_deflation,27,same_factor_same_language,0.29463279247283936,35.505393981933594,5904
top5_deflation,27,same_domain_diff_language,0.064492367208004,41.41752243041992,77760
top5_deflation,27,same_domain_same_language,0.1522841602563858,39.1422004699707,19584
top5_deflation,27,different_topic_diff_language,-0.01682615838944912,43.17338943481445,518400
top5_deflation,27,different_topic_same_language,-0.039698656648397446,43.8430061340332,130560
raw,28,exact_translation_diff_language,0.9703346490859985,104.02528381347656,2400
raw,28,same_factor_diff_language,0.9680557250976562,113.41093444824219,25920
raw,28,same_factor_same_language,0.990103542804718,62.8827018737793,5904
raw,28,same_domain_diff_language,0.9670394062995911,114.69151306152344,77760
raw,28,same_domain_same_language,0.9883436560630798,65.04232788085938,19584
raw,28,different_topic_diff_language,0.9656281471252441,118.51921081542969,518400
raw,28,different_topic_same_language,0.9855073094367981,74.05288696289062,130560
language_residualized,28,exact_translation_diff_language,0.4786185622215271,47.080467224121094,2400
language_residualized,28,same_factor_diff_language,0.18647250533103943,65.00072479248047,25920
language_residualized,28,same_factor_same_language,0.2528034746646881,62.882694244384766,5904
language_residualized,28,same_domain_diff_language,0.12604741752147675,67.39525604248047,77760
language_residualized,28,same_domain_same_language,0.18293583393096924,65.04232788085938,19584
language_residualized,28,different_topic_diff_language,-0.0050173248164355755,73.4244155883789,518400
language_residualized,28,different_topic_same_language,-0.016323035582900047,74.05288696289062,130560
top5_deflation,28,exact_translation_diff_language,0.23842541873455048,38.01088333129883,2400
top5_deflation,28,same_factor_diff_language,0.1371225267648697,40.8437385559082,25920
top5_deflation,28,same_factor_same_language,0.29402410984039307,36.454654693603516,5904
top5_deflation,28,same_domain_diff_language,0.06261695921421051,42.585933685302734,77760
top5_deflation,28,same_domain_same_language,0.1529698371887207,40.17433166503906,19584
top5_deflation,28,different_topic_diff_language,-0.016307801008224487,44.33092498779297,518400
top5_deflation,28,different_topic_same_language,-0.03980492055416107,45.023372650146484,130560
raw,29,exact_translation_diff_language,0.9652246236801147,106.2823715209961,2400
raw,29,same_factor_diff_language,0.9629188776016235,115.1930923461914,25920
raw,29,same_factor_same_language,0.989181399345398,62.41511154174805,5904
raw,29,same_domain_diff_language,0.9618523716926575,116.42354583740234,77760
raw,29,same_domain_same_language,0.9872673749923706,64.71583557128906,19584
raw,29,different_topic_diff_language,0.9604077935218811,120.01007843017578,518400
raw,29,different_topic_same_language,0.984192967414856,73.60448455810547,130560
language_residualized,29,exact_translation_diff_language,0.4616823196411133,47.974971771240234,2400
language_residualized,29,same_factor_diff_language,0.1808990091085434,64.86557006835938,25920
language_residualized,29,same_factor_same_language,0.2537229359149933,62.41511535644531,5904
language_residualized,29,same_domain_diff_language,0.12146677821874619,67.19751739501953,77760
language_residualized,29,same_domain_same_language,0.181400328874588,64.7158432006836,19584
language_residualized,29,different_topic_diff_language,-0.00621632719412446,72.96031951904297,518400
language_residualized,29,different_topic_same_language,-0.018365712836384773,73.60450744628906,130560
top5_deflation,29,exact_translation_diff_language,0.22735695540905,39.41934585571289,2400
top5_deflation,29,same_factor_diff_language,0.13005663454532623,42.225955963134766,25920
top5_deflation,29,same_factor_same_language,0.2902526557445526,37.626136779785156,5904
top5_deflation,29,same_domain_diff_language,0.05897773057222366,43.92974090576172,77760
top5_deflation,29,same_domain_same_language,0.1519797295331955,41.375160217285156,19584
top5_deflation,29,different_topic_diff_language,-0.015404365956783295,45.61389923095703,518400
top5_deflation,29,different_topic_same_language,-0.039511725306510925,46.32499694824219,130560
raw,30,exact_translation_diff_language,0.9593511819839478,103.69036865234375,2400
raw,30,same_factor_diff_language,0.9570797085762024,111.37566375732422,25920
raw,30,same_factor_same_language,0.9879464507102966,58.75148391723633,5904
raw,30,same_domain_diff_language,0.9559439420700073,112.51792907714844,77760
raw,30,same_domain_same_language,0.9857956767082214,61.314186096191406,19584
raw,30,different_topic_diff_language,0.9544445872306824,115.6529541015625,518400
raw,30,different_topic_same_language,0.9823893904685974,69.69794464111328,130560
language_residualized,30,exact_translation_diff_language,0.43016743659973145,47.54563903808594,2400
language_residualized,30,same_factor_diff_language,0.1736278086900711,61.722999572753906,25920
language_residualized,30,same_factor_same_language,0.2591671943664551,58.75148391723633,5904
language_residualized,30,same_domain_diff_language,0.11481153964996338,63.897029876708984,77760
language_residualized,30,same_domain_same_language,0.1798732727766037,61.314186096191406,19584
language_residualized,30,different_topic_diff_language,-0.009587821550667286,69.04132080078125,518400
language_residualized,30,different_topic_same_language,-0.023335635662078857,69.69794464111328,130560
top5_deflation,30,exact_translation_diff_language,0.21433064341545105,40.42168045043945,2400
top5_deflation,30,same_factor_diff_language,0.12205839902162552,43.12391662597656,25920
top5_deflation,30,same_factor_same_language,0.28595513105392456,38.37167739868164,5904
top5_deflation,30,same_domain_diff_language,0.0549812838435173,44.75223159790039,77760
top5_deflation,30,same_domain_same_language,0.1505940854549408,42.09009552001953,19584
top5_deflation,30,different_topic_diff_language,-0.014411206357181072,46.34496307373047,518400
top5_deflation,30,different_topic_same_language,-0.039124175906181335,47.07415771484375,130560
raw,31,exact_translation_diff_language,0.8600780963897705,91.62811279296875,2400
raw,31,same_factor_diff_language,0.8571122288703918,94.21446990966797,25920
raw,31,same_factor_same_language,0.9704617857933044,42.29915237426758,5904
raw,31,same_domain_diff_language,0.854296863079071,95.09796905517578,77760
raw,31,same_domain_same_language,0.9644920825958252,46.0111083984375,19584
raw,31,different_topic_diff_language,0.8508682250976562,96.19760131835938,518400
raw,31,different_topic_same_language,0.9556242823600769,51.76585006713867,130560
language_residualized,31,exact_translation_diff_language,0.22694875299930573,44.185508728027344,2400
language_residualized,31,same_factor_diff_language,0.12913626432418823,47.29275131225586,25920
language_residualized,31,same_factor_same_language,0.2837623953819275,42.29915237426758,5904
language_residualized,31,same_domain_diff_language,0.06614988297224045,48.96648025512695,77760
language_residualized,31,same_domain_same_language,0.1591855138540268,46.011104583740234,19584
language_residualized,31,different_topic_diff_language,-0.016371769830584526,51.01950454711914,518400
language_residualized,31,different_topic_same_language,-0.0407789908349514,51.76585006713867,130560
top5_deflation,31,exact_translation_diff_language,0.20197415351867676,42.15134048461914,2400
top5_deflation,31,same_factor_diff_language,0.10514040291309357,44.98176574707031,25920
top5_deflation,31,same_factor_same_language,0.27111563086509705,40.09950637817383,5904
top5_deflation,31,same_domain_diff_language,0.04165195673704147,46.56500244140625,77760
top5_deflation,31,same_domain_same_language,0.13902591168880463,43.82729721069336,19584
top5_deflation,31,different_topic_diff_language,-0.011682510375976562,47.80999755859375,518400
top5_deflation,31,different_topic_same_language,-0.036325037479400635,48.54745101928711,130560
raw,32,exact_translation_diff_language,0.21522748470306396,88.01542663574219,2400
raw,32,same_factor_diff_language,0.2016374170780182,89.10520935058594,25920
raw,32,same_factor_same_language,0.894953727722168,31.78913688659668,5904
raw,32,same_domain_diff_language,0.19237244129180908,89.63642883300781,77760
raw,32,same_domain_same_language,0.8730403780937195,34.826847076416016,19584
raw,32,different_topic_diff_language,0.1802375167608261,90.34197998046875,518400
raw,32,different_topic_same_language,0.8399228453636169,39.415157318115234,130560
language_residualized,32,exact_translation_diff_language,0.19819346070289612,34.24916076660156,2400
language_residualized,32,same_factor_diff_language,0.12295593321323395,36.04523468017578,25920
language_residualized,32,same_factor_same_language,0.29713329672813416,31.789133071899414,5904
language_residualized,32,same_domain_diff_language,0.06429176777601242,37.24628448486328,77760
language_residualized,32,same_domain_same_language,0.16510237753391266,34.826847076416016,19584
language_residualized,32,different_topic_diff_language,-0.01572309248149395,38.794708251953125,518400
language_residualized,32,different_topic_same_language,-0.042168669402599335,39.415157318115234,130560
top5_deflation,32,exact_translation_diff_language,0.17641077935695648,33.09937286376953,2400
top5_deflation,32,same_factor_diff_language,0.09733422100543976,34.84675979614258,25920
top5_deflation,32,same_factor_same_language,0.27193769812583923,30.942794799804688,5904
top5_deflation,32,same_domain_diff_language,0.03815879300236702,35.991737365722656,77760
top5_deflation,32,same_domain_same_language,0.13565801084041595,33.899654388427734,19584
top5_deflation,32,different_topic_diff_language,-0.010640367865562439,36.86915588378906,518400
top5_deflation,32,different_topic_same_language,-0.036082785576581955,37.4549560546875,130560
